ID_event,granule_couple,coordinates,sensing_time,detector_number,N_v,N_h,N_eff
Barren_Island_01,"[0, 2]",[12.32987187 93.9178503 ],28/10/2018 04:24,10,184,-10,184.2715388
Barren_Island_01,"[1, 3]",[12.44087491 93.71370838],28/10/2018 04:24,9,-172,-11,172.3513853
Barren_Island_01,"[2, 4]",[12.11619451 93.86871486],28/10/2018 04:24,10,185,-10,185.2700731
Barren_Island_02,"[0, 2]",[12.37075955 93.926569  ],29/07/2021 04:24,10,187,2,187.0106949
Barren_Island_02,"[1, 3]",[12.48125208 93.72234549],29/07/2021 04:24,9,-169,-1,169.0029586
Barren_Island_02,"[2, 4]",[12.15677035 93.87739786],29/07/2021 04:24,10,187,2,187.0106949
Barren_Island_10,"[0, 1]",[12.45568818 93.96844714],16/01/2017 04:24,10,184,-10,184.2715388
Barren_Island_10,"[1, 3]",[12.24173121 93.91903633],16/01/2017 04:24,10,184,-9,184.2199772
Barren_Island_10,"[2, 4]",[12.3524577  93.71471902],16/01/2017 04:24,9,-172,-11,172.3513853
Chillan_Nevados_de_01,"[0, 1]",[-36.72829963 -71.22820709],25/05/2021 14:43,1,-179,-12,179.4017837
Chillan_Nevados_de_01,"[1, 2]",[-36.93911341 -71.29770804],25/05/2021 14:43,1,-179,-12,179.4017837
Chillan_Nevados_de_02,"[0, 1]",[-36.72140645 -71.22672918],29/07/2021 14:43,1,-177,-2,177.0112991
Chillan_Nevados_de_02,"[1, 2]",[-36.93193246 -71.29650734],29/07/2021 14:43,1,-176,-2,176.0113633
Copahue_20,"[0, 1]",[-37.72481308 -71.27205607],13/10/2019 14:43,2,187,-16,187.6832438
Copahue_20,"[1, 3]",[-37.93541484 -71.3425861 ],13/10/2019 14:43,2,188,-16,188.6796226
Copahue_20,"[2, 4]",[-37.71277597 -70.97264   ],13/10/2019 14:43,3,-177,-13,177.476759
Copahue_20,"[4, 5]",[-37.92354663 -71.04186055],13/10/2019 14:43,3,-177,-13,177.476759
Etna_00,"[0, 2]",[37.78839439 15.1170077 ],30/08/2021 10:00,10,187,1,187.0026738
Etna_00,"[1, 3]",[37.90576525 14.8680765 ],30/08/2021 10:00,9,-170,-2,170.0117643
Etna_00,"[2, 4]",[37.5769621  15.04769359],30/08/2021 10:00,10,187,1,187.0026738
Etna_00,"[3, 5]",[37.69403264 14.79950582],30/08/2021 10:00,9,-170,-2,170.0117643
Etna_01,"[0, 1]",[37.91166975 15.11632571],21/09/2021 09:50,1,-178,-13,178.4740878
Etna_01,"[1, 2]",[37.69918393 15.05553157],21/09/2021 09:50,1,-177,-13,177.476759
Etna_02,"[0, 1]",[37.75754591 15.07075285],03/06/2022 09:50,1,-174,-2,174.0114939
Etna_02,"[1, 2]",[37.54515673 15.0097868 ],03/06/2022 09:50,1,-175,-2,175.0114282
Etna_03,"[0, 1]",[37.73354552 15.06005608],30/05/2019 09:50,1,-174,-2,174.0114939
Fuego_00,"[0, 2]",[ 14.38771225 -90.73683059],06/09/2021 16:39,4,185,-3,185.0243227
Fuego_00,"[1, 3]",[ 14.48572126 -90.9420294 ],06/09/2021 16:39,3,-172,-2,172.0116275
Fuego_01,"[0, 2]",[ 14.50726828 -90.7186214 ],21/09/2021 16:39,4,182,-14,182.5376673
Fuego_01,"[1, 3]",[ 14.60558953 -90.92425786],21/09/2021 16:39,3,-174,-13,174.4849564
Fuego_01,"[2, 4]",[ 14.29349908 -90.76726472],21/09/2021 16:39,4,183,-15,183.613725
Fuego_01,"[3, 5]",[ 14.39174178 -90.97260533],21/09/2021 16:39,3,-174,-13,174.4849564
Fuego_02,"[0, 2]",[ 14.5193591  -90.72325757],11/10/2021 16:39,4,182,-14,182.5376673
Fuego_02,"[1, 3]",[ 14.61761477 -90.92911751],11/10/2021 16:39,3,-173,-13,173.4877517
Fuego_02,"[2, 4]",[ 14.30548083 -90.77196611],11/10/2021 16:39,4,183,-14,183.5347379
Fuego_02,"[3, 5]",[ 14.40352781 -90.97740943],11/10/2021 16:39,3,-174,-13,174.4849564
Karangetang_01,"[0, 1]",[  2.98869586 125.28285167],30/11/2018 02:06,2,187,-6,187.0962319
Karangetang_01,"[1, 2]",[  2.77468831 125.23591311],30/11/2018 02:06,2,187,-6,187.0962319
Karangetang_01,"[3, 4]",[  2.79198224 125.46834444],30/11/2018 02:06,3,-172,-2,172.0116275
Karangetang_01,"[4, 5]",[  2.57792221 125.42124133],30/11/2018 02:06,3,-172,-2,172.0116275
Krysuvik-Trolladyngja_00,"[0, 1]",[ 63.9298231  -22.38935457],23/03/2021 13:13,8,187,0,187
Krysuvik-Trolladyngja_00,"[1, 3]",[ 63.72866211 -22.57336526],23/03/2021 13:14,8,187,0,187
Krysuvik-Trolladyngja_00,"[2, 4]",[ 63.89986876 -21.8858321 ],23/03/2021 13:14,9,-172,-2,172.0116275
Krysuvik-Trolladyngja_00,"[4, 5]",[ 63.69922256 -22.07361603],23/03/2021 13:14,9,-171,-2,171.0116955
Krysuvik-Trolladyngja_01,"[0, 1]",[ 63.92986978 -22.39151881],02/04/2021 13:13,8,187,0,187
Krysuvik-Trolladyngja_01,"[1, 3]",[ 63.72863251 -22.57578547],02/04/2021 13:14,8,187,0,187
Krysuvik-Trolladyngja_01,"[2, 4]",[ 63.89987441 -21.88828066],02/04/2021 13:14,9,-172,-2,172.0116275
Krysuvik-Trolladyngja_01,"[4, 5]",[ 63.69918924 -22.07589465],02/04/2021 13:14,9,-172,-2,172.0116275
Krysuvik-Trolladyngja_02,"[0, 2]",[ 63.88283381 -22.01839545],19/04/2021 13:03,4,187,-3,187.0240626
Krysuvik-Trolladyngja_02,"[1, 3]",[ 64.00994644 -22.44049112],19/04/2021 13:03,3,-174,-2,174.0114939
Krysuvik-Trolladyngja_02,"[2, 4]",[ 63.67947647 -22.1867907 ],19/04/2021 13:03,4,187,-3,187.0240626
Krysuvik-Trolladyngja_02,"[3, 5]",[ 63.80615319 -22.60640091],19/04/2021 13:04,3,-174,-2,174.0114939
Krysuvik-Trolladyngja_03,"[0, 2]",[ 63.89241092 -22.01381064],07/08/2021 13:04,4,187,-3,187.0240626
Krysuvik-Trolladyngja_03,"[1, 3]",[ 64.01957227 -22.43575772],07/08/2021 13:04,3,-174,-2,174.0114939
Krysuvik-Trolladyngja_03,"[2, 4]",[ 63.68910082 -22.18227277],07/08/2021 13:04,4,187,-3,187.0240626
Krysuvik-Trolladyngja_03,"[3, 5]",[ 63.81578639 -22.60189428],07/08/2021 13:04,3,-174,-2,174.0114939
La_Palma_00,"[0, 2]",[ 28.71915298 -17.80297272],20/09/2021 12:03,10,185,-9,185.2187895
La_Palma_00,"[1, 3]",[ 28.83321995 -18.0287129 ],20/09/2021 12:03,9,-172,-11,172.3513853
La_Palma_00,"[2, 4]",[ 28.50664309 -17.8615473 ],20/09/2021 12:03,10,185,-10,185.2700731
La_Palma_02,"[0, 1]",[ 28.7623614  -17.79747134],30/09/2021 12:03,10,185,-9,185.2187895
La_Palma_02,"[1, 3]",[ 28.54970515 -17.85575985],30/09/2021 12:03,10,185,-9,185.2187895
La_Palma_02,"[2, 4]",[ 28.66379659 -18.08104263],30/09/2021 12:03,9,-173,-11,173.3493582
Mayon_01,"[0, 1]",[ 13.32038554 123.67650837],30/01/2018 02:23,7,-170,-1,170.0029412
Mayon_01,"[1, 2]",[ 13.10635284 123.62750447],30/01/2018 02:23,7,-170,-1,170.0029412
Mayon_02,"[0, 1]",[ 13.37346926 123.68979356],09/02/2018 02:23,7,-170,-1,170.0029412
Mayon_02,"[1, 2]",[ 13.15949385 123.64079449],09/02/2018 02:23,7,-170,-1,170.0029412
Nyamulagira_00,"[0, 1]",[-1.31880093 29.12849867],18/04/2018 08:30,4,185,-3,185.0243227
Nyamulagira_00,"[1, 3]",[-1.53287979 29.08130318],18/04/2018 08:30,4,185,-3,185.0243227
Nyamulagira_00,"[2, 4]",[-1.30693364 29.35306001],18/04/2018 08:30,5,-170,-1,170.0029412
Nyamulagira_00,"[4, 5]",[-1.52090327 29.30573071],18/04/2018 08:30,5,-170,-2,170.0117643
Nyamulagira_01,"[0, 1]",[-1.33677215 29.1268529 ],25/08/2021 08:30,4,183,-14,183.5347379
Nyamulagira_01,"[1, 3]",[-1.5506528  29.07971292],25/08/2021 08:30,4,183,-14,183.5347379
Nyamulagira_01,"[2, 4]",[-1.32463229 29.35155384],25/08/2021 08:30,5,-172,-13,172.4905795
Nyamulagira_01,"[4, 5]",[-1.53836728 29.30424967],25/08/2021 08:30,5,-172,-13,172.4905795
Nyamulagira_02,"[0, 1]",[-1.34381224 29.11640889],13/03/2022 08:30,4,183,-14,183.5347379
Nyamulagira_02,"[1, 3]",[-1.55768795 29.06920835],13/03/2022 08:30,4,183,-14,183.5347379
Nyamulagira_02,"[2, 4]",[-1.33164442 29.34104399],13/03/2022 08:30,5,-172,-13,172.4905795
Nyamulagira_02,"[4, 5]",[-1.54551668 29.29376042],13/03/2022 08:30,5,-172,-13,172.4905795
Piton_de_la_Fournaise_00,"[0, 1]",[-21.19888873  55.71103266],01/01/2022 06:35,8,187,-1,187.0026738
Piton_de_la_Fournaise_00,"[1, 2]",[-21.41203161  55.65953509],01/01/2022 06:35,8,187,-1,187.0026738
Piton_de_la_Fournaise_01,"[0, 1]",[-21.16440425  55.72028689],06/01/2022 06:35,8,185,-11,185.3267385
Piton_de_la_Fournaise_01,"[1, 2]",[-21.37733188  55.66887883],06/01/2022 06:35,8,184,-11,184.3285111
Piton_de_la_Fournaise_02,"[0, 1]",[-21.22000477  55.71203741],16/01/2022 06:35,8,185,-11,185.3267385
Piton_de_la_Fournaise_02,"[1, 2]",[-21.43289723  55.6605763 ],16/01/2022 06:35,8,185,-11,185.3267385
Piton_de_la_Fournaise_10,"[0, 1]",[-21.15977128  55.73663995],16/04/2021 06:35,8,186,0,186
Piton_de_la_Fournaise_10,"[1, 2]",[-21.37271282  55.68512476],16/04/2021 06:35,8,186,0,186
Piton_de_la_Fournaise_11,"[0, 1]",[-21.2007861   55.72599583],26/04/2021 06:35,8,186,0,186
Piton_de_la_Fournaise_11,"[1, 2]",[-21.41375029  55.67446276],26/04/2021 06:35,8,186,0,186
Piton_de_la_Fournaise_12,"[4, 0]",[-21.38901503  55.6694776 ],11/05/2021 06:35,8,185,-11,185.3267385
Piton_de_la_Fournaise_12,"[1, 2]",[-21.38181129  55.90946485],11/05/2021 06:35,9,-174,-11,174.3473544
Piton_de_la_Fournaise_12,"[6, 2]",[-21.38181133  55.90946496],11/05/2021 06:35,9,-174,-11,174.3473544
Piton_de_la_Fournaise_12,"[3, 4]",[-21.17589696  55.72091337],11/05/2021 06:35,8,185,-11,185.3267385
Piton_de_la_Fournaise_12,"[4, 5]",[-21.38901515  55.66947756],11/05/2021 06:35,8,185,-11,185.3267385
Piton_de_la_Fournaise_12,"[6, 7]",[-21.38181142  55.90946499],11/05/2021 06:35,9,-174,-11,174.3473544
Piton_de_la_Fournaise_31,"[0, 1]",[-21.20117871  55.71554357],06/04/2020 06:35,8,185,-11,185.3267385
Piton_de_la_Fournaise_31,"[1, 2]",[-21.41445917  55.66422128],06/04/2020 06:35,8,185,-11,185.3267385
Piton_de_la_Fournaise_32,"[0, 1]",[-21.18916147  55.72399576],07/12/2020 06:35,8,186,-1,186.0026882
Piton_de_la_Fournaise_32,"[1, 2]",[-21.40233878  55.67260096],07/12/2020 06:35,8,186,-1,186.0026882
Raung_10,"[0, 2]",[ -8.11818979 114.10203548],19/07/2020 02:50,8,184,-11,184.3285111
Raung_10,"[1, 3]",[ -8.01333995 113.90304225],19/07/2020 02:50,7,-173,-11,173.3493582
Raung_10,"[2, 4]",[ -8.33224975 114.05457591],19/07/2020 02:50,8,184,-11,184.3285111
Raung_11,"[0, 2]",[ -8.11395539 114.11317185],24/07/2020 02:50,8,185,-1,185.0027027
Raung_11,"[1, 3]",[ -8.00937129 113.91417124],24/07/2020 02:50,7,-170,-1,170.0029412
Raung_11,"[2, 4]",[ -8.32797797 114.06569552],24/07/2020 02:50,8,185,-1,185.0027027
Raung_12,"[0, 1]",[ -7.92321204 114.14302665],29/07/2020 02:50,8,184,-11,184.3285111
Raung_12,"[1, 3]",[ -8.13700409 114.09548975],29/07/2020 02:50,8,184,-11,184.3285111
Raung_12,"[2, 4]",[ -8.03199286 113.89632649],29/07/2020 02:50,7,-173,-12,173.4156856
San_Miguel_10,"[1, 2]",[ 13.41437674 -88.22171287],06/02/2018 16:29,5,-172,-13,172.4905795
San_Miguel_10,"[2, 3]",[ 13.2003348 -88.2703746],06/02/2018 16:29,5,-172,-13,172.4905795
San_Miguel_11,"[0, 1]",[ 13.43302315 -88.44667734],16/02/2018 16:29,4,183,-14,183.5347379
San_Miguel_11,"[2, 3]",[ 13.4449557  -88.21570226],16/02/2018 16:29,5,-173,-13,173.4877517
San_Miguel_11,"[3, 4]",[ 13.23104414 -88.26448342],16/02/2018 16:29,5,-172,-13,172.4905795
San_Miguel_12,"[0, 1]",[ 13.5605735  -88.41829545],08/03/2018 16:29,4,183,-14,183.5347379
San_Miguel_12,"[2, 3]",[ 13.57280345 -88.18714711],08/03/2018 16:29,5,-173,-13,173.4877517
San_Miguel_12,"[3, 4]",[ 13.3589961  -88.23562798],08/03/2018 16:29,5,-173,-13,173.4877517
Sangay_00,"[4, 0]",[ -2.17019346 -78.42923517],17/05/2019 15:43,8,183,-11,183.330303
Sangay_00,"[1, 2]",[ -2.16482792 -78.20774196],17/05/2019 15:43,9,-172,-11,172.3513853
Sangay_00,"[6, 2]",[ -2.1648317  -78.20774285],17/05/2019 15:43,9,-172,-11,172.3513853
Sangay_00,"[3, 4]",[ -1.95627926 -78.3821054 ],17/05/2019 15:43,8,183,-11,183.330303
Sangay_00,"[4, 5]",[ -2.17019722 -78.42923604],17/05/2019 15:43,8,183,-11,183.330303
Sangay_00,"[6, 7]",[ -2.16483545 -78.20774355],17/05/2019 15:43,9,-172,-11,172.3513853
Sangay_01,"[0, 1]",[ -1.96515802 -78.38601564],05/07/2021 15:43,8,183,-10,183.2730204
Sangay_01,"[1, 2]",[ -2.17903341 -78.43308359],05/07/2021 15:43,8,183,-11,183.330303
Sangay_01,"[3, 4]",[ -2.17376167 -78.21141915],05/07/2021 15:43,9,-172,-11,172.3513853
Sangay_10,"[0, 1]",[ -1.96108206 -78.36887646],25/08/2018 15:43,8,184,-1,184.0027174
Sangay_10,"[1, 2]",[ -2.17525365 -78.41589911],25/08/2018 15:43,8,184,-1,184.0027174
Sangay_10,"[3, 4]",[ -2.17021532 -78.19432073],25/08/2018 15:43,9,-170,-1,170.0029412
Sangay_11,"[0, 1]",[ -1.97046566 -78.39192652],29/10/2018 15:43,8,183,-11,183.330303
Sangay_11,"[1, 3]",[ -2.18455948 -78.43883932],29/10/2018 15:43,8,183,-11,183.330303
Sangay_11,"[2, 4]",[ -1.96535533 -78.17036183],29/10/2018 15:43,9,-172,-11,172.3513853
Sangay_11,"[4, 5]",[ -2.17923411 -78.21710115],29/10/2018 15:43,9,-172,-11,172.3513853
Sangay_12,"[0, 1]",[ -1.96954722 -78.39558162],13/11/2018 15:43,8,184,-1,184.0027174
Sangay_12,"[1, 3]",[ -2.18377073 -78.44261762],13/11/2018 15:43,8,184,0,184
Sangay_12,"[2, 4]",[ -1.96471855 -78.17425215],13/11/2018 15:43,9,-170,-2,170.0117643
Sangay_12,"[4, 5]",[ -2.17881614 -78.22108722],13/11/2018 15:43,9,-170,-1,170.0029412
Sangay_31,"[0, 1]",[ -1.95561593 -78.37545828],19/09/2017 15:43,8,184,-1,184.0027174
Sangay_31,"[1, 2]",[ -2.16956404 -78.42242787],19/09/2017 15:43,8,184,-1,184.0027174
Sangay_31,"[3, 4]",[ -2.16443411 -78.20079947],19/09/2017 15:43,9,-170,-2,170.0117643
Santa_Maria_00,"[0, 1]",[ 14.75130148 -91.590998  ],16/02/2021 16:49,11,-173,-12,173.4156856
Santa_Maria_00,"[1, 2]",[ 14.5374246 -91.6410955],16/02/2021 16:49,11,-174,-12,174.4133022
Stromboli_01,"[0, 2]",[38.95355265 15.20141768],07/07/2019 09:59,9,-173,-11,173.3493582
Stromboli_01,"[1, 3]",[38.62415273 15.38286193],07/07/2019 09:59,10,185,-9,185.2187895
Stromboli_01,"[2, 4]",[38.74207284 15.13158072],07/07/2019 10:00,9,-173,-11,173.3493582
Stromboli_02,"[0, 2]",[38.94867134 15.20758032],08/01/2019 09:59,9,-172,-11,172.3513853
Stromboli_02,"[2, 4]",[38.73741749 15.1379995 ],08/01/2019 09:59,9,-172,-11,172.3513853
Telica_00,"[0, 1]",[ 12.66021284 -86.7922126 ],26/08/2021 16:20,1,-177,-13,177.476759
Telica_00,"[1, 2]",[ 12.44641474 -86.83992403],26/08/2021 16:20,1,-177,-13,177.476759
Telica_02,"[0, 1]",[ 12.73286713 -86.77501392],20/09/2021 16:19,1,-174,-2,174.0114939
Telica_02,"[1, 2]",[ 12.51905731 -86.82276726],20/09/2021 16:19,1,-174,-2,174.0114939
Tinakula_00,"[0, 1]",[-10.26439886 165.81768571],02/01/2019 23:19,5,-173,-13,173.4877517
Tinakula_00,"[1, 2]",[-10.47801412 165.76931147],02/01/2019 23:19,5,-173,-13,173.4877517
Tinakula_01,"[0, 1]",[-10.23218412 165.81831049],28/10/2021 23:19,5,-173,-13,173.4877517
Tinakula_01,"[1, 2]",[-10.44608805 165.76990297],28/10/2021 23:19,5,-172,-13,172.4905795
Tinakula_02,"[0, 1]",[-10.22186893 165.82589068],22/12/2021 23:19,5,-171,-2,171.0116955
Tinakula_02,"[1, 2]",[-10.43557602 165.7775    ],22/12/2021 23:19,5,-171,-2,171.0116955
France_0,"[0, 1]",[43.53382764  6.43453522],17/08/2021 10:38,8,184,-11,184.3285111
France_0,"[1, 2]",[43.32303147  6.35728414],17/08/2021 10:38,8,184,-11,184.3285111
France_0,"[3, 4]",[43.1091784   6.58455583],17/08/2021 10:39,9,-173,-11,173.3493582
Greece_0,"[0, 1]",[38.14339425 23.31897952],18/08/2021 09:19,3,-173,-2,173.0115603
Greece_0,"[1, 2]",[37.93149295 23.25533826],18/08/2021 09:19,3,-173,-2,173.0115603
Greece_1,"[0, 1]",[36.87725523 22.3697732 ],06/08/2021 09:30,10,185,-10,185.2700731
Greece_1,"[1, 3]",[36.66579644 22.30233357],06/08/2021 09:30,10,186,-9,186.2176146
Greece_1,"[2, 4]",[36.87362375 22.65103472],06/08/2021 09:30,11,-175,-11,175.3453735
Greece_1,"[4, 5]",[36.66229348 22.58384462],06/08/2021 09:30,11,-174,-12,174.4133022
Greece_2,"[0, 1]",[37.12656763 27.75915715],02/08/2021 09:00,2,188,-6,188.0957203
Greece_2,"[1, 2]",[36.91438593 27.69717817],02/08/2021 09:00,2,188,-6,188.0957203
Greece_2,"[3, 4]",[36.92941197 27.98872005],02/08/2021 09:00,3,-173,-2,173.0115603
Latvia_0,"[0, 1]",[57.41983627 24.78911807],26/07/2021 09:54,12,189,-7,189.1295852
Latvia_0,"[1, 2]",[57.21535987 24.65175381],26/07/2021 09:54,12,190,-7,190.1289036
Latvia_0,"[3, 4]",[5.74912015e+01 5.22216109e-03],26/07/2021 23:20,4,185,-14,185.5289735
Latvia_0,"[4, 5]",[ 57.28407654 179.88685531],26/07/2021 23:20,4,185,-14,185.5289735
Mexico_0,"[0, 2]",[  25.43221955 -100.2269484 ],25/03/2021 17:26,6,184,-2,184.0108692
Mexico_0,"[1, 3]",[  25.53316763 -100.44335018],25/03/2021 17:26,5,-170,-2,170.0117643
Mexico_0,"[2, 4]",[  25.21910749 -100.28070636],25/03/2021 17:26,6,184,-2,184.0108692
Mexico_0,"[3, 5]",[  25.32000541 -100.49695297],25/03/2021 17:26,5,-170,-2,170.0117643
Spain_2,"[0, 1]",[40.30472697 -5.63859667],29/08/2020 11:20,5,-171,-2,171.0116955
Spain_2,"[1, 2]",[40.09309341 -5.7070241 ],29/08/2020 11:20,5,-171,-2,171.0116955
Greece_3,"[0, 1]",[36.85008557 22.65149156],23/08/2020 09:20,2,188,-6,188.0957203
Greece_3,"[1, 3]",[36.63793924 22.58919179],23/08/2020 09:20,2,188,-6,188.0957203
Greece_3,"[2, 4]",[36.73967176 22.33530012],23/08/2020 09:20,1,-175,-2,175.0114282
Greece_3,"[4, 5]",[36.52785681 22.27353411],23/08/2020 09:20,1,-175,-1,175.0028571
Ukraine_0,"[0, 1]",[51.51583546 30.24973418],12/04/2020 09:05,2,189,-6,189.0952141
Ukraine_0,"[1, 3]",[51.30617494 30.16065225],12/04/2020 09:05,2,189,-6,189.0952141
Ukraine_0,"[2, 4]",[51.41583091 29.83809144],12/04/2020 09:06,1,-176,-2,176.0113633
Ukraine_0,"[4, 5]",[51.20591768 29.7509211 ],12/04/2020 09:06,1,-176,-2,176.0113633
Australia_1,"[0, 1]",[-29.83121271 152.40834567],07/11/2019 23:55,1,-179,-13,179.4714462
Australia_1,"[1, 2]",[-30.04284086 152.34716703],07/11/2019 23:55,1,-179,-13,179.4714462
Italy_0,"[3, 0]",[41.38649893 14.27077203],20/09/2019 09:59,3,-173,-2,173.0115603
Italy_0,"[4, 1]",[41.07066579 14.46473909],20/09/2019 09:59,4,186,-4,186.0430058
Italy_0,"[2, 4]",[41.28208418 14.53354136],20/09/2019 09:59,4,185,-3,185.0243227
Italy_0,"[3, 5]",[41.38649657 14.27077124],20/09/2019 09:59,3,-173,-2,173.0115603
Italy_0,"[4, 6]",[41.07066343 14.46473831],20/09/2019 09:59,4,186,-4,186.0430058
Bolivia_0,"[0, 1]",[-15.86435133 -62.27326159],21/08/2019 14:27,4,184,-14,184.5318401
Bolivia_0,"[1, 2]",[-16.0776726  -62.32367337],21/08/2019 14:27,4,184,-14,184.5318401
Bolivia_1,"[0, 2]",[-15.67543019 -60.37377113],01/08/2019 14:26,12,189,-8,189.1692364
Bolivia_1,"[1, 3]",[-15.55441233 -60.58932184],01/08/2019 14:27,11,-176,-12,176.4086166
Bolivia_1,"[2, 4]",[-15.88886501 -60.42205126],01/08/2019 14:27,12,189,-7,189.1295852
Bolivia_1,"[3, 5]",[-15.76781477 -60.6379242 ],01/08/2019 14:27,11,-175,-12,175.4109461
Greece_4,"[0, 2]",[38.66504382 23.75344762],14/08/2019 09:19,4,184,-14,184.5318401
Greece_4,"[1, 3]",[38.76858172 23.50011462],14/08/2019 09:19,3,-176,-13,176.4794606
Greece_4,"[2, 4]",[38.45335558 23.68865467],14/08/2019 09:19,4,184,-14,184.5318401
Greenland_0,"[1, 2]",[ 67.10963334 -52.95967369],12/08/2019 15:14,2,188,-17,188.7670522
Greenland_0,"[2, 4]",[ 66.90803039 -53.15741923],12/08/2019 15:14,2,188,-16,188.6796226
Greenland_0,"[3, 5]",[ 67.04059192 -53.64196581],12/08/2019 15:14,1,-180,-13,180.4688339
Greece_5,"[0, 2]",[38.54562942 24.2867681 ],05/07/2019 09:19,6,183,-13,183.4611676
Greece_5,"[1, 3]",[38.65142618 24.03804885],05/07/2019 09:19,5,-173,-13,173.4877517
Greece_5,"[2, 4]",[38.33379261 24.22004876],05/07/2019 09:19,6,184,-12,184.3908891
Greece_5,"[3, 5]",[38.43962414 23.97193934],05/07/2019 09:19,5,-174,-13,174.4849564
Kenya_0,"[0, 2]",[-0.18613292 37.37748282],28/02/2019 07:59,6,182,-13,182.463695
Kenya_0,"[1, 3]",[-0.08646957 37.18104514],28/02/2019 07:59,5,-172,-13,172.4905795
Kenya_0,"[2, 4]",[-0.40036289 37.3305413 ],28/02/2019 07:59,6,183,-13,183.4611676
Kenya_0,"[3, 5]",[-0.30051684 37.13372073],28/02/2019 08:00,5,-172,-13,172.4905795
Latvia_1,"[0, 2]",[58.02968286 25.20309513],01/08/2018 09:54,12,189,-7,189.1295852
Latvia_1,"[1, 3]",[58.17764184 24.84466876],01/08/2018 09:54,11,-176,-12,176.4086166
Latvia_1,"[2, 4]",[57.82558884 25.06147339],01/08/2018 09:54,12,189,-8,189.1692364
Latvia_1,"[3, 5]",[57.97327111 24.7050603 ],01/08/2018 09:54,11,-176,-12,176.4086166
Latvia_1,"[7, 8]",[ 58.01769738 179.87798942],01/08/2018 23:20,3,-176,-13,176.4794606
Latvia_1,"[8, 9]",[ 57.81043091 179.75894015],01/08/2018 23:20,3,-176,-13,176.4794606
Sweden_0,"[0, 2]",[61.85379414 14.57707333],17/07/2018 10:43,10,187,-9,187.2164523
Sweden_0,"[1, 3]",[61.99615432 14.1921847 ],17/07/2018 10:43,9,-174,-11,174.3473544
Sweden_0,"[2, 4]",[61.65170965 14.40848636],17/07/2018 10:43,10,186,-9,186.2176146
Spain_5,"[0, 2]",[38.45948435 -2.29408113],28/07/2017 11:10,10,186,-9,186.2176146
Spain_5,"[1, 3]",[38.57670835 -2.54460667],28/07/2017 11:10,9,-172,-11,172.3513853
Spain_5,"[2, 4]",[38.24798603 -2.36405686],28/07/2017 11:10,10,185,-9,185.2187895
Copahue_NE_21,"[0, 2]",[-37.86656184 -70.95616896],06/10/2018 14:53,12,193,4,193.0414463
Copahue_NE_21,"[1, 3]",[-37.73988249 -71.21837549],06/10/2018 14:53,11,-176,0,176
Copahue_NE_21,"[2, 4]",[-38.07783582 -71.01850691],06/10/2018 14:53,12,193,4,193.0414463
Copahue_NE_21,"[3, 5]",[-37.95135849 -71.28061956],06/10/2018 14:53,11,-176,-1,176.0028409
Piton_de_la_Fournaise_NE_00,"[0, 1]",[-21.18662371  55.71158051],01/01/2021 06:35,8,185,-11,185.3267385
Piton_de_la_Fournaise_NE_00,"[1, 2]",[-21.39958457  55.66021607],01/01/2021 06:35,8,185,-11,185.3267385
Piton_de_la_Fournaise_NE_02,"[0, 1]",[-21.15238884  55.72282965],16/01/2021 06:35,8,186,-1,186.0026882
Piton_de_la_Fournaise_NE_02,"[1, 2]",[-21.36554846  55.67139041],16/01/2021 06:35,8,186,-1,186.0026882
Poas_NE_20,"[0, 2]",[ 10.25015681 -84.12372065],07/11/2016 16:10,4,182,-14,182.5376673
Poas_NE_20,"[1, 3]",[ 10.34832148 -84.32639942],07/11/2016 16:10,3,-174,-13,174.4849564
Poas_NE_20,"[2, 4]",[ 10.03609973 -84.17112703],07/11/2016 16:10,4,182,-14,182.5376673
Poas_NE_20,"[3, 5]",[ 10.13423248 -84.37421808],07/11/2016 16:10,3,-173,-13,173.4877517
Raung_NE_10,"[0, 2]",[ -8.13138381 114.0938475 ],10/07/2019 02:50,8,185,-1,185.0027027
Raung_NE_10,"[1, 3]",[ -8.02671017 113.89463423],10/07/2019 02:50,7,-170,-1,170.0029412
Raung_NE_11,"[0, 1]",[ -7.92515529 114.13927732],20/07/2019 02:50,8,185,-1,185.0027027
Raung_NE_11,"[1, 3]",[ -8.13902794 114.09175514],20/07/2019 02:50,8,185,-1,185.0027027
Raung_NE_11,"[2, 4]",[ -8.03423327 113.89237885],20/07/2019 02:50,7,-170,-1,170.0029412
Raung_NE_12,"[0, 2]",[ -8.11993402 114.09663845],25/07/2019 02:50,8,184,-11,184.3285111
Raung_NE_12,"[1, 3]",[ -8.01469187 113.89740866],25/07/2019 02:50,7,-173,-12,173.4156856
Telica_NE_00,"[0, 1]",[ 12.62186973 -86.79730594],16/08/2020 16:20,1,-174,-2,174.0114939
Telica_NE_00,"[1, 2]",[ 12.40783911 -86.84487145],16/08/2020 16:20,1,-174,-2,174.0114939
Telica_NE_01,"[0, 1]",[ 12.64288439 -86.79477101],05/09/2020 16:20,1,-174,-2,174.0114939
Telica_NE_01,"[1, 2]",[ 12.4289501  -86.84242181],05/09/2020 16:20,1,-174,-2,174.0114939
Ulawun_NE_20,"[0, 1]",[ -4.96996214 151.22429521],14/08/2018 00:18,2,185,-17,185.7794391
Ulawun_NE_20,"[1, 3]",[ -5.18391609 151.17709202],14/08/2018 00:18,2,185,-17,185.7794391
Ulawun_NE_20,"[2, 4]",[ -4.95295919 151.45780886],14/08/2018 00:18,3,-174,-13,174.4849564
Ulawun_NE_20,"[4, 5]",[ -5.16705046 151.4102505 ],14/08/2018 00:18,3,-174,-13,174.4849564
